,Unnamed: 0,Unnamed: 0.1,Unnamed: 0.1.1,world_x,world_y,eye_x,eye_y,world_x_p,world_y_p
0,0,0,0,346.0,269.0,328.0,272.0,365.8974606972878,259.96145884408037
1,1,1,1,354.0,301.0,351.0,319.0,383.777141755628,265.56146475671505
2,2,2,2,313.0,235.0,354.0,225.0,337.034483335727,245.79768710202077
3,3,3,3,295.0,195.0,364.0,180.0,294.162443588491,174.72231380814222
4,4,4,4,310.0,298.0,372.0,265.0,312.32565266221496,249.29247406806536
5,5,5,5,331.0,262.0,398.0,269.0,290.6061103724201,299.40666798753415
6,6,6,6,343.0,261.0,328.0,283.0,363.4157636897997,270.3455125913756
7,7,7,7,376.0,246.0,298.0,258.0,360.0643288526864,267.1722844939327
8,8,8,8,437.0,251.0,236.0,316.0,436.99696610167564,251.00247722684756
9,9,9,9,324.0,272.0,342.0,258.0,324.05644471422613,271.945948322206
10,10,10,10,369.0,231.0,283.0,227.0,368.99438063409104,230.98872886434273
11,11,11,11,298.0,250.0,365.0,222.0,298.04770183350706,249.87134435361585
12,12,12,12,247.0,231.0,368.0,202.0,247.03310338463444,231.00984718829005
13,13,13,13,327.0,247.0,332.0,254.0,327.0437311476273,246.92593457982392
14,14,14,14,376.0,240.0,296.0,294.0,375.9845462756221,240.04121858560592
15,15,15,15,210.0,327.0,477.0,275.0,210.01014611695595,326.9618263390097
16,16,16,16,332.0,199.0,317.0,185.0,332.04265425178954,199.00764120345494
17,17,17,17,291.0,319.0,398.0,286.0,291.00140324533737,318.99430071168666
18,18,18,18,355.0,232.0,300.0,205.0,354.95403558249456,231.99736444940467
19,19,19,19,277.0,293.0,417.0,253.0,277.0007455613733,292.98633478930986
20,20,20,20,278.0,301.0,427.0,272.0,278.0033253265585,300.9563114246645
21,21,21,21,404.0,308.0,313.0,320.0,403.9902894626957,307.9931864324844
22,22,22,22,307.0,245.0,390.0,243.0,307.0016008228452,245.05598558266115
23,23,23,23,408.0,245.0,249.0,311.0,408.00114235202403,245.02734259075166
24,24,24,24,389.0,302.0,284.0,284.0,389.0111169994789,301.9386328452948
25,25,25,25,384.0,348.0,349.0,339.0,383.9949703945911,347.9962901367483
26,26,26,26,360.0,233.0,289.0,227.0,359.9936656476492,232.97473682129063
27,27,27,27,362.0,367.0,387.0,338.0,361.9958611282425,366.99568029192375
28,28,28,28,360.0,308.0,310.0,295.0,360.00164785220534,307.95569731155115
29,29,29,29,318.0,276.0,383.0,269.0,317.95834894162033,275.9717169062717
30,30,30,30,371.0,260.0,303.0,272.0,371.0323839040251,260.02183482576453
31,31,31,31,382.0,246.0,281.0,253.0,381.99492346523834,245.93568544411949
32,32,32,32,331.0,240.0,351.0,284.0,331.05159922961815,240.10517777229043
33,33,33,33,346.0,249.0,353.0,272.0,345.97856583634797,249.0192863837645
34,34,34,34,351.0,235.0,302.0,222.0,351.0344019866157,235.00680105587796
35,35,35,35,347.0,257.0,358.0,293.0,346.9798657050015,257.01320381747814
36,36,36,36,329.0,306.0,380.0,304.0,328.99069527500683,306.0051208824602
37,37,37,37,400.0,243.0,274.0,272.0,400.00122795646496,242.99639205931155
38,38,38,38,328.0,306.0,372.0,308.0,328.0060107266475,305.9963326929649
39,39,39,39,324.0,264.0,358.0,262.0,324.0131690332606,263.8910604424198
40,40,40,40,343.0,170.0,311.0,166.0,342.9934854633211,170.0080074696683
41,41,41,41,435.0,271.0,265.0,309.0,434.99335502890693,271.0014204896211
42,42,42,42,309.0,221.0,353.0,195.0,308.9952616086418,220.9866773997606
43,43,43,43,372.0,216.0,291.0,238.0,372.0029178089345,216.01682478113065
44,44,44,44,456.0,239.0,244.0,289.0,455.98824485347126,239.0108592930075
45,45,45,45,350.0,254.0,302.0,243.0,350.03513690799247,253.96298220856266
46,46,46,46,306.0,395.0,441.0,328.0,305.99879690543116,394.9934163251558
47,47,47,47,316.0,229.0,349.0,220.0,315.9907120367429,229.0400894972107
48,48,48,48,377.0,205.0,266.0,262.0,377.0030531488466,205.09345658582566
49,49,49,49,470.0,235.0,234.0,291.0,469.9893282086192,235.02704572673872
50,50,50,50,349.0,273.0,289.0,261.0,349.0257546130046,272.8670707703889
51,51,51,51,354.0,275.0,307.0,253.0,354.0356442044497,274.79378675597724
52,52,52,52,339.0,267.0,375.0,249.0,338.961702193949,266.9723102960807
53,53,53,53,274.0,167.0,390.0,158.0,274.0066920835718,167.01501060626813
54,54,54,54,350.0,275.0,354.0,276.0,349.9319331663038,274.8981835527824
55,55,55,55,354.0,247.0,318.0,257.0,354.00516108758694,246.99140841587902
56,56,56,56,244.0,260.0,441.0,214.0,244.00135332467406,259.99568362612996
57,57,57,57,193.0,254.0,493.0,214.0,193.0096537044949,253.99741191581168
58,58,58,58,332.0,232.0,332.0,210.0,331.9722558029631,232.0025341184333
59,59,59,59,249.0,200.0,417.0,176.0,249.00361003238137,200.0041708426983
60,60,60,60,342.0,253.0,325.0,256.0,342.07868552203274,252.80740392695202
61,61,61,61,347.0,330.0,344.0,315.0,347.0034928622265,329.98487104138843
62,62,62,62,397.0,260.0,280.0,305.0,397.0010875842533,259.9851275973165
63,63,63,63,342.0,220.0,354.0,229.0,341.97873643154685,220.05648711884677
64,64,64,64,360.0,267.0,303.0,260.0,360.07546826464585,266.82959300107564
65,65,65,65,433.0,210.0,262.0,249.0,432.9932626561914,210.03440363106697
66,66,66,66,254.0,339.0,427.0,286.0,254.005687769131,338.9444565595683
67,67,67,67,300.0,217.0,375.0,213.0,299.99155097788764,217.03842786232534
68,68,68,68,261.0,249.0,438.0,227.0,261.0008772725923,248.99793773833628
69,69,69,69,457.0,312.0,287.0,334.0,456.99021592131396,311.993974528287
70,70,70,70,274.0,301.0,413.0,256.0,274.00494980394564,300.89996599250577
71,71,71,71,401.0,251.0,247.0,251.0,400.99883448305644,250.9436889313123
72,72,72,72,358.0,308.0,339.0,311.0,357.989191494828,307.9618937296023
73,73,73,73,405.0,173.0,232.0,183.0,404.99706953499714,173.00472048443814
74,74,74,74,371.0,240.0,292.0,261.0,370.99929136447935,240.03154782409658
75,75,75,75,208.0,331.0,463.0,273.0,208.010812096229,330.9828305888569
76,76,76,76,397.0,220.0,278.0,245.0,396.9976713468965,220.03261555172514
77,77,77,77,329.0,239.0,346.0,233.0,328.99517335048057,238.93111835551994
78,78,78,78,321.0,265.0,389.0,262.0,320.94578117403313,264.9484472523255
79,79,79,79,208.0,308.0,467.0,264.0,208.010812096229,307.9945592986206
80,80,80,80,240.0,268.0,483.0,257.0,240.00105280292001,267.99921868821724
81,81,81,81,295.0,273.0,437.0,276.0,294.9929947701457,273.05724749610306
82,82,82,82,305.0,265.0,390.0,250.0,304.99451167778534,265.0246108261033
83,83,83,83,428.0,268.0,262.0,297.0,427.99858786790674,267.94626222193426
84,84,84,84,342.0,247.0,349.0,243.0,341.9245432244165,247.04723232120125
85,85,85,85,408.0,327.0,311.0,345.0,407.9890945767208,326.99406741214864
86,86,86,86,307.0,235.0,358.0,254.0,307.06294872097914,235.0964112388685
87,87,87,87,339.0,222.0,318.0,213.0,339.01376572868594,221.98974500226697
88,88,88,88,397.0,256.0,255.0,260.0,396.9981375260399,255.99926171197922
89,89,89,89,238.0,294.0,434.0,253.0,239.50765864758543,293.4843200177199
90,90,90,90,397.0,254.0,256.0,258.0,396.99857949362683,253.99443564561068
91,91,91,91,358.0,254.0,318.0,260.0,357.93197370306024,253.94423525401544
92,92,92,92,335.0,245.0,335.0,254.0,335.1617006714657,244.78266754374104
93,93,93,93,226.0,198.0,441.0,177.0,226.0054854565348,198.01057556099116
94,94,94,94,322.0,224.0,333.0,257.0,322.05677342551263,224.11635071598695
95,95,95,95,419.0,243.0,243.0,308.0,418.99999628595646,243.0295437466876
96,96,96,96,262.0,330.0,457.0,294.0,262.0022369814208,329.9974392151103
97,97,97,97,379.0,242.0,292.0,284.0,378.99445371340573,242.04268129508236
98,98,98,98,343.0,262.0,349.0,276.0,343.1216063104171,262.08318318978456
99,99,99,99,380.0,258.0,292.0,306.0,380.00340132095835,258.0067528991804
100,100,100,100,371.0,194.0,281.0,205.0,370.99861525582304,193.99766829330238
101,101,101,101,338.0,206.0,324.0,229.0,337.9917179729252,206.0378960601207
102,102,102,102,234.0,291.0,464.0,242.0,234.00287217628525,290.97398352490575
103,103,103,103,249.0,257.0,428.0,213.0,249.0025513935114,256.98997819875626
104,104,104,104,336.0,251.0,350.0,224.0,335.9787436845768,250.95842330615199
105,105,105,105,371.0,245.0,325.0,261.0,370.8812840834473,244.97284529342687
106,106,106,106,438.0,221.0,243.0,265.0,437.991732368688,221.01477389502693
107,107,107,107,349.0,253.0,317.0,240.0,349.0194054134489,252.8785019013508
108,108,108,108,368.0,200.0,287.0,210.0,367.988234483923,200.00026716627687
109,109,109,109,365.0,195.0,306.0,233.0,364.95582574584324,195.12603088441145
110,110,110,110,307.0,250.0,372.0,251.0,307.0203445146438,250.02836377586254
111,111,111,111,292.0,216.0,406.0,222.0,291.9945224529495,216.045274780351
112,112,112,112,351.0,220.0,342.0,229.0,350.9495641366848,220.0071623651689
113,113,113,113,303.0,304.0,380.0,273.0,303.01516007544615,303.89961969793535
114,114,114,114,321.0,264.0,376.0,278.0,320.95629326733615,264.0448875579997
115,115,115,115,340.0,238.0,361.0,222.0,339.9797141969871,238.07986879428233
116,116,116,116,342.0,221.0,361.0,229.0,341.9909940312823,221.04170335611073
117,117,117,117,411.0,178.0,238.0,183.0,410.9962954929502,178.00239672267645
118,118,118,118,278.0,280.0,397.0,246.0,278.00478463674654,279.9495769413677
119,119,119,119,306.0,232.0,411.0,235.0,305.9907434652766,232.02408288098763
120,120,120,120,249.0,239.0,415.0,216.0,249.0044352672318,238.99188838337417
121,121,121,121,361.0,236.0,305.0,221.0,360.9477014115517,235.92083793908077
122,122,122,122,333.0,250.0,355.0,242.0,332.98706757521245,249.90631759890871
123,123,123,123,339.0,250.0,346.0,246.0,338.97752470705626,249.9911502358233
124,124,124,124,329.0,227.0,357.0,240.0,328.9911884745775,227.09308682031534
125,125,125,125,332.0,229.0,339.0,238.0,332.0199682632448,228.98397542919045
126,126,126,126,336.0,236.0,340.0,240.0,336.0232344908303,236.01554394925398
127,127,127,127,391.0,364.0,357.0,353.0,390.99304436622714,363.99411621074086
128,128,128,128,329.0,282.0,332.0,271.0,329.06157911433706,281.8932114170722
129,129,129,129,292.0,242.0,390.0,228.0,292.01278226016143,241.97597687929206
130,130,130,130,322.0,298.0,368.0,290.0,322.0030257133662,297.96959938325466
131,131,131,131,303.0,302.0,371.0,282.0,303.02683194260936,301.9522872333163
132,132,132,132,314.0,272.0,350.0,245.0,314.05358710206673,271.93884556157116
133,133,133,133,291.0,317.0,379.0,280.0,291.00940529931313,316.9549357878703
134,134,134,134,327.0,251.0,347.0,251.0,327.0580804024718,250.91378606935956
135,135,135,135,361.0,304.0,320.0,304.0,360.9853609318619,303.9579250579589
136,136,136,136,366.0,276.0,329.0,280.0,365.914874594954,275.8864886996099
137,137,137,137,478.0,256.0,232.0,311.0,477.9921269511758,255.97721198950572
138,138,138,138,452.0,203.0,207.0,225.0,451.99194007897427,203.01286513488054
139,139,139,139,255.0,181.0,419.0,170.0,255.00001412004582,181.01034830896475
140,140,140,140,372.0,261.0,288.0,239.0,371.9910924340704,260.9862114702478
141,141,141,141,331.0,202.0,353.0,216.0,330.9765432754227,202.02040870695592
142,142,142,142,294.0,200.0,365.0,192.0,293.9813206738347,200.0127294758158
143,143,143,143,307.0,265.0,380.0,249.0,306.99730649653446,265.01742081181874
144,144,144,144,314.0,224.0,387.0,238.0,314.0059513466056,224.07447935058312
145,145,145,145,343.0,245.0,372.0,240.0,312.9748388797361,271.53926584532337
146,146,146,146,272.0,301.0,406.0,258.0,287.9221074745294,270.1245377577279
147,147,147,147,357.0,240.0,303.0,228.0,351.4992906058755,218.46170002364536
148,148,148,148,307.0,227.0,375.0,228.0,299.3582647284286,247.57760001288423
149,149,149,149,296.0,294.0,375.0,253.0,307.91484323351307,290.3413891370188
150,150,150,150,346.0,242.0,328.0,249.0,344.04430931931824,239.4472403205713
151,151,151,151,362.0,254.0,317.0,269.0,348.26883925821227,269.9285216442678
152,152,152,152,417.0,256.0,245.0,312.0,466.960530037558,244.82208855760624
153,153,153,153,296.0,313.0,390.0,282.0,300.3668635556952,283.28463855574097
154,154,154,154,321.0,382.0,371.0,341.0,371.35119332519383,365.4484895795622
155,155,155,155,307.0,297.0,361.0,271.0,349.9343658052662,259.64800305702306
156,156,156,156,351.0,257.0,340.0,283.0,335.3830217931223,251.48405569951026
157,157,157,157,255.0,290.0,427.0,251.0,237.4578939508826,252.7920422215809
158,158,158,158,376.0,267.0,280.0,249.0,383.2307221107197,241.0880405842166
159,159,159,159,386.0,247.0,292.0,269.0,373.06147088034294,265.9961414969616
160,160,160,160,254.0,280.0,428.0,250.0,237.46384692844097,269.7912855362376
161,161,161,161,333.0,250.0,340.0,240.0,336.0232344908303,236.01554394925398
162,162,162,162,384.0,211.0,284.0,297.0,404.34849977016404,258.90762796968795
163,163,163,163,277.0,220.0,395.0,220.0,292.3497292415364,222.87455529581155
164,164,164,164,460.0,225.0,211.0,246.0,448.1341974360478,230.8821097796883
165,165,165,165,318.0,209.0,346.0,216.0,317.972438869784,209.0256331393689
166,166,166,166,276.0,355.0,434.0,298.0,276.0015311331557,354.9886107444481
167,167,167,167,273.0,225.0,417.0,207.0,272.99247598293795,225.0101904343826
168,168,168,168,302.0,257.0,390.0,229.0,295.49619640462777,241.98071816185117
169,169,169,169,409.0,242.0,267.0,294.0,408.9989801760538,242.04212523456894
170,170,170,170,332.0,243.0,335.0,250.0,332.02050173763325,242.99021593673115
171,171,171,171,294.0,210.0,357.0,191.0,294.01552353301463,209.9990987216928
172,172,172,172,332.0,298.0,364.0,304.0,328.0117841061475,290.00322098946145
173,173,173,173,453.0,233.0,210.0,251.0,452.9943778213172,233.0209300884028
174,174,174,174,366.0,260.0,328.0,272.0,365.8974606972878,259.96145884408037
175,175,175,175,343.0,297.0,335.0,304.0,343.04031007060433,297.0246824821442
176,176,176,176,412.0,268.0,278.0,293.0,411.98696727996526,267.8863066039861
177,177,177,177,292.0,240.0,404.0,232.0,291.9997009937298,239.96926547122717
178,178,178,178,353.0,245.0,306.0,231.0,353.05160775924867,244.85496696938137
179,179,179,179,384.0,268.0,305.0,315.0,383.9933871624534,267.9944051966528
180,180,180,180,278.0,216.0,412.0,220.0,277.9987238407217,216.00664786862802
181,181,181,181,230.0,217.0,442.0,195.0,230.0042509386534,217.0096388996316
182,182,182,182,419.0,353.0,333.0,348.0,418.98836903970556,352.9850866904021
183,183,183,183,401.0,257.0,251.0,262.0,400.9969807201614,256.9313960436121
184,184,184,184,353.0,271.0,362.0,271.0,352.938900367496,271.0312114748148
185,185,185,185,344.0,311.0,329.0,287.0,344.05249699761976,310.96615047195036
186,186,186,186,346.0,253.0,350.0,257.0,345.96446370795854,252.93883973080773
187,187,187,187,358.0,225.0,317.0,242.0,357.9579879866981,225.18213349803125
188,188,188,188,325.0,242.0,351.0,249.0,325.03770738806577,242.05451213339626
189,189,189,189,406.0,251.0,259.0,258.0,405.9947397642697,251.0114149704798
190,190,190,190,373.0,275.0,296.0,276.0,372.9623101604844,274.98969936451
191,191,191,191,329.0,379.0,390.0,346.0,328.9979385256526,378.99469944617255
192,192,192,192,333.0,235.0,325.0,246.0,333.05169333952426,234.97745460469872
193,193,193,193,347.0,216.0,300.0,216.0,347.06298990496754,216.0174168117514
194,194,194,194,270.0,363.0,422.0,304.0,270.0019633872976,362.98235544319084
195,195,195,195,438.0,267.0,267.0,312.0,437.99036106299377,266.96616636680494
196,196,196,196,389.0,240.0,276.0,312.0,389.0041161388327,240.02262206170397
197,197,197,197,251.0,239.0,431.0,217.0,251.00257920297034,239.02376535302963
198,198,198,198,361.0,187.0,285.0,191.0,361.00278116188514,187.00017649304243
199,199,199,199,442.0,261.0,251.0,295.0,441.9888774704803,261.0304155627409
200,200,200,200,347.0,224.0,316.0,217.0,347.00865087722076,224.03190632958584
201,201,201,201,285.0,287.0,423.0,275.0,284.99764623463625,287.0371473625037
202,202,202,202,346.0,224.0,320.0,220.0,345.97327426554153,224.00599872860008
203,203,203,203,211.0,217.0,455.0,189.0,211.00690355968285,216.99726017650215
204,204,204,204,321.0,233.0,344.0,262.0,321.08001432151315,233.18239923628613
205,205,205,205,270.0,235.0,422.0,247.0,272.0020049898705,253.52281857483752
206,206,206,206,435.0,240.0,238.0,289.0,434.99021155586297,239.99673618488924
207,207,207,207,373.0,227.0,292.0,265.0,372.9827971218938,227.05307829468236
208,208,208,208,351.0,232.0,306.0,207.0,351.02762550800315,231.99515451290125
209,209,209,209,365.0,225.0,284.0,261.0,364.99752977049997,225.08439274365864
210,210,210,210,222.0,295.0,468.0,258.0,222.00816363255962,294.9995469465484
211,211,211,211,457.0,282.0,265.0,327.0,456.9942860235943,281.99228605786834
212,212,212,212,314.0,228.0,346.0,236.0,314.0730544534948,228.03333707411542
213,213,213,213,307.0,294.0,366.0,273.0,307.04078562745536,293.90889720572915
214,214,214,214,226.0,251.0,490.0,246.0,226.0067897809058,251.01001891537777
215,215,215,215,431.0,261.0,243.0,273.0,430.99451350965063,260.9786408024181
216,216,216,216,232.0,256.0,446.0,225.0,232.00594970033896,255.99157839790107
217,217,217,217,302.0,220.0,343.0,207.0,302.02241684264794,220.0041217370713
218,218,218,218,333.0,304.0,340.0,289.0,333.1196703263386,303.9051145214611
219,219,219,219,300.0,250.0,371.0,227.0,299.99075896297154,249.98808917092515
220,220,220,220,320.0,254.0,360.0,278.0,320.05220216587304,254.09257558046326
221,221,221,221,364.0,232.0,310.0,254.0,363.97525311230675,232.10424646959365
222,222,222,222,375.0,294.0,316.0,311.0,374.9915843251137,294.02316121305563
223,223,223,223,300.0,269.0,387.0,258.0,300.0415445262357,269.0702481934231
224,224,224,224,344.0,231.0,338.0,249.0,344.00283571840004,231.10062310935416
225,225,225,225,362.0,373.0,368.0,330.0,361.9970900901696,372.9943975261339
226,226,226,226,350.0,229.0,335.0,256.0,349.8592829773267,229.26318036372518
227,227,227,227,284.0,246.0,420.0,238.0,283.99966047120336,246.0016960877776
228,228,228,228,453.0,210.0,247.0,254.0,452.996397653416,210.03659441116906
229,229,229,229,351.0,240.0,338.0,273.0,350.91093929935465,240.18372530282826
230,230,230,230,331.0,251.0,332.0,256.0,330.96303706444735,250.96280934310474
231,231,231,231,340.0,260.0,343.0,256.0,343.22389499223016,255.29628775601705
232,232,232,232,335.0,326.0,387.0,323.0,345.7634784094889,339.0005772016536
233,233,233,233,302.0,229.0,380.0,239.0,303.92789173109514,242.79300343031449
234,234,234,234,427.0,233.0,252.0,272.0,401.0165068932935,262.362753970739
235,235,235,235,218.0,199.0,457.0,185.0,218.00471048834564,199.00485536227288
236,236,236,236,236.0,207.0,433.0,191.0,236.00424089036397,207.00571051779417
237,237,237,237,437.0,331.0,340.0,356.0,436.9911434690539,330.99795135135906
238,238,238,238,349.0,235.0,335.0,262.0,348.96056730496457,235.1455993913984
239,239,239,239,241.0,293.0,434.0,253.0,239.50765864758543,293.4843200177199
240,240,240,240,295.0,251.0,372.0,211.0,295.0106027332663,250.9732026775279
241,241,241,241,344.0,228.0,325.0,247.0,343.98216940750666,228.07530500102345
242,242,242,242,197.0,262.0,479.0,228.0,197.00750518209546,261.9937696396027
243,243,243,243,351.0,265.0,350.0,298.0,351.0381355870057,265.0202946120812
244,244,244,244,285.0,250.0,384.0,235.0,285.01043170517875,249.95870586949476
245,245,245,245,307.0,218.0,355.0,198.0,307.0132976846724,218.01070543776504
246,246,246,246,360.0,275.0,318.0,282.0,359.98123018689716,275.0198822118324
247,247,247,247,368.0,225.0,303.0,253.0,367.9290421474363,225.23662074621745
248,248,248,248,344.0,218.0,317.0,202.0,343.97246050073346,217.96658952835227
249,249,249,249,373.0,250.0,307.0,269.0,372.9710774483791,250.0460951654841
250,250,250,250,248.0,238.0,433.0,220.0,248.00667711038903,238.0111041061282
251,251,251,251,237.0,311.0,461.0,273.0,237.00557838458272,311.0083231459975
252,252,252,252,305.0,251.0,377.0,247.0,305.02861048010914,251.05899421596067
253,253,253,253,340.0,235.0,317.0,265.0,340.07559898436864,235.02469624704545
254,254,254,254,389.0,172.0,265.0,180.0,388.9973595208662,172.00474441085362
255,255,255,255,248.0,180.0,402.0,176.0,248.00646450563627,180.01028832681754
256,256,256,256,434.0,276.0,258.0,312.0,433.99827677830916,275.99066174686885
257,257,257,257,373.0,273.0,302.0,275.0,372.91640969143964,273.0104914296576
258,258,258,258,339.0,243.0,328.0,245.0,338.97730210200837,242.96067354804714
259,259,259,259,357.0,235.0,305.0,222.0,356.9848568141025,235.086784410741
260,260,260,260,360.0,306.0,317.0,302.0,359.9889068457294,305.98429217118974
261,261,261,261,394.0,218.0,291.0,233.0,393.99007267929625,217.9775867108903
262,262,262,262,383.0,218.0,278.0,289.0,383.0027726258072,218.09360687269546
263,263,263,263,349.0,279.0,321.0,279.0,349.0753664163417,278.9169251920072
264,264,264,264,328.0,260.0,365.0,261.0,327.94691125199927,259.9358320311199
265,265,265,265,327.0,276.0,369.0,289.0,326.99613382090286,276.0465040063102
266,266,266,266,230.0,275.0,470.0,233.0,230.00266483763465,274.9767064506598
267,267,267,267,327.0,271.0,387.0,246.0,326.93785181682637,270.93575247491015
268,268,268,268,289.0,227.0,390.0,229.0,295.49619640462777,241.98071816185117
269,269,269,269,354.0,275.0,350.0,289.0,353.8974922757879,274.9604007552835
270,270,270,270,258.0,287.0,439.0,261.0,258.0065253576904,286.902624418971
271,271,271,271,292.0,297.0,380.0,260.0,292.0402599896019,296.94492675808596
272,272,272,272,361.0,289.0,340.0,301.0,360.94910279490546,289.00727010530585
273,273,273,273,354.0,235.0,320.0,291.0,354.0502393076516,235.04118246695245
274,274,274,274,291.0,302.0,434.0,291.0,290.9974027348516,301.99938976632353
275,275,275,275,266.0,289.0,435.0,283.0,266.0033909781763,289.023179637741
276,276,276,276,208.0,239.0,481.0,231.0,208.0055870331125,239.00806139728883
277,277,277,277,364.0,183.0,292.0,189.0,344.66876117716265,187.0267436267824
278,278,278,278,237.0,313.0,479.0,286.0,210.01306901348497,321.5076272557218
279,279,279,279,351.0,236.0,349.0,253.0,334.1880328879421,240.05297780722825
280,280,280,280,329.0,275.0,366.0,262.0,310.94538104265393,231.16314206627052
281,281,281,281,372.0,203.0,272.0,260.0,393.5030750797063,213.33535098402908
282,282,282,282,332.0,265.0,350.0,264.0,325.5686852456816,261.3632435694823
283,283,283,283,360.0,271.0,360.0,239.0,329.8666719401587,227.43615186987566
284,284,284,284,305.0,290.0,373.0,284.0,302.7515507900934,303.8517917727103
285,285,285,285,321.0,272.0,354.0,245.0,318.728039025016,260.4877439492329
286,286,286,286,254.0,335.0,416.0,291.0,310.06972323117645,319.3394584428177
287,287,287,287,320.0,293.0,389.0,283.0,317.0948150217312,277.6478925827743
288,288,288,288,339.0,199.0,314.0,232.0,343.99988346260517,239.91817204952122
289,289,289,289,325.0,242.0,357.0,250.0,323.4428106109751,239.69088006016943
290,290,290,290,355.0,203.0,287.0,209.0,367.988234483923,200.00026716627687
291,291,291,291,247.0,257.0,446.0,238.0,264.99792686627086,252.39396390611134
292,292,292,292,310.0,246.0,366.0,246.0,328.51021291284286,230.03365670186915
293,293,293,293,340.0,239.0,329.0,256.0,341.11722781495916,250.23029142490896
294,294,294,294,338.0,220.0,340.0,253.0,345.23963139410597,236.03366009877624
295,295,295,295,360.0,267.0,299.0,261.0,369.30704626427564,243.63951868139372
296,296,296,296,307.0,267.0,375.0,258.0,310.0068226182879,277.9771840540832
297,297,297,297,247.0,282.0,444.0,267.0,286.1340691102966,293.1722842393753
298,298,298,298,353.0,225.0,317.0,253.0,352.87529873910154,235.92245336910892
299,299,299,299,335.0,275.0,375.0,293.0,322.6141700987153,278.8151151064069
300,300,300,300,409.0,240.0,270.0,313.0,434.08630066763817,257.7378093273022
301,301,301,301,347.0,260.0,335.0,262.0,348.96056730496457,235.1455993913984
302,302,302,302,368.0,280.0,322.0,295.0,351.75676907383496,307.211335885598
303,303,303,303,210.0,309.0,457.0,264.0,249.02402976358357,292.99775961602523
304,304,304,304,368.0,203.0,317.0,228.0,339.3588482584788,217.2679940433616
305,305,305,305,350.0,206.0,325.0,240.0,337.7722299524177,252.07918552342264
306,306,306,306,318.0,206.0,350.0,191.0,294.0836691105696,210.11380622616076
307,307,307,307,285.0,268.0,390.0,243.0,307.0016008228452,245.05598558266115
308,308,308,308,354.0,278.0,338.0,282.0,349.3441640279908,250.07509455950844
309,309,309,309,197.0,264.0,466.0,231.0,211.51305528313682,274.692625754975
310,310,310,310,344.0,279.0,347.0,279.0,345.825991537941,263.7547508583425
311,311,311,311,409.0,352.0,353.0,345.0,383.9732128474343,350.33819577001606
312,312,312,312,448.0,229.0,222.0,256.0,444.86092707765204,248.31129153100852
313,313,313,313,379.0,272.0,310.0,290.0,360.22036366928785,307.12717420606526
314,314,314,314,349.0,227.0,306.0,264.0,371.6217706308673,235.8517725996591
315,315,315,315,338.0,271.0,373.0,257.0,313.470576130387,277.0649155897085
316,316,316,316,317.0,243.0,369.0,245.0,328.8549011009912,271.674100389745
317,317,317,317,295.0,210.0,366.0,192.0,293.88369705001617,200.0127294758158
318,318,318,318,331.0,265.0,373.0,300.0,326.1608495153582,306.1967669583714
319,319,319,319,298.0,250.0,366.0,254.0,316.3725601662313,229.45834767313116
320,320,320,320,328.0,240.0,358.0,221.0,325.8994562100055,235.57154132349066
321,321,321,321,305.0,242.0,372.0,218.0,300.4972491208955,250.0479256056944
322,322,322,322,310.0,247.0,387.0,239.0,314.0059513466056,224.48942932481413
323,323,323,323,336.0,236.0,321.0,272.0,354.44922933568614,265.18498978623126
324,324,324,324,322.0,287.0,377.0,275.0,303.04112361088846,264.1476057889829
325,325,325,325,331.0,232.0,350.0,240.0,331.7209583657993,243.89983183207548
326,326,326,326,344.0,240.0,332.0,290.0,332.3567472669398,307.32459443333283
327,327,327,327,318.0,267.0,380.0,264.0,310.4890554161653,255.77537610305535
328,328,328,328,332.0,250.0,353.0,249.0,327.681821409836,242.07178729790795
329,329,329,329,221.0,297.0,446.0,254.0,242.1535936747601,292.61731557790296
330,330,330,330,357.0,202.0,320.0,227.0,339.3041072982538,231.6105970819497
331,331,331,331,384.0,222.0,321.0,243.0,355.08821182336914,225.32783342555425
332,332,332,332,358.0,338.0,377.0,262.0,296.57035108540674,256.35990673982184
333,333,333,333,295.0,287.0,390.0,240.0,303.80406120992023,254.0978284633666
334,334,334,334,357.0,275.0,340.0,282.0,337.7701288100092,251.59287045511397
335,335,335,335,340.0,235.0,331.0,240.0,319.3797312321572,239.98185250550944
336,336,336,336,336.0,227.0,376.0,243.0,324.9490875730588,260.46015616614443
337,337,337,337,351.0,278.0,321.0,264.0,349.39706871713764,254.90192132189776
338,338,338,338,313.0,267.0,393.0,267.0,303.2704852330893,257.3451418016268
339,339,339,339,422.0,221.0,244.0,262.0,454.58639075713836,223.56889119077462
340,340,340,340,307.0,280.0,355.0,264.0,323.75310483915916,270.5611689274211
341,341,341,341,300.0,291.0,390.0,267.0,308.64442144255,257.3451418016268
342,342,342,342,317.0,238.0,394.0,225.0,292.1237411401005,223.33418291524288
343,343,343,343,320.0,210.0,342.0,247.0,347.2748616513646,247.39436576622066
344,344,344,344,471.0,264.0,249.0,330.0,456.9138672475675,311.91468599187135
345,345,345,345,211.0,217.0,450.0,196.0,230.02355719502972,216.98956437177102
346,346,346,346,329.0,229.0,331.0,239.0,319.1403347913418,239.55321206140417
347,347,347,347,349.0,217.0,307.0,211.0,351.014080211819,223.0946745484099
348,348,348,348,317.0,256.0,346.0,257.0,345.6639188291458,238.75995979222836
349,349,349,349,357.0,295.0,338.0,298.0,351.2418474849837,304.83336442088495
350,350,350,350,375.0,269.0,318.0,302.0,360.3703022248785,306.05504085352425
351,351,351,351,284.0,298.0,455.0,272.0,249.02367896929977,309.98577048169784
352,352,352,352,366.0,239.0,324.0,254.0,341.9207444944396,236.87484050275106
353,353,353,353,346.0,280.0,320.0,276.0,349.85080148321356,266.9926311099515
354,354,354,354,259.0,276.0,463.0,258.0,222.007732308786,298.1697720307495
355,355,355,355,417.0,268.0,273.0,294.0,410.9961561828626,242.136711271994
356,356,356,356,336.0,360.0,365.0,320.0,361.657781424093,333.017125006909
357,357,357,357,247.0,283.0,446.0,269.0,286.1337835757784,273.18880858187276
358,358,358,358,305.0,221.0,355.0,216.0,330.6694214908539,201.68246070008396
359,359,359,359,289.0,294.0,383.0,258.0,300.01630863249756,274.1119899676964
360,360,360,360,320.0,203.0,347.0,187.0,293.99390412965846,202.04980210574422
361,361,361,361,346.0,229.0,321.0,258.0,353.7116067683718,252.9140826354456
362,362,362,362,361.0,251.0,302.0,271.0,372.21428824085393,266.7770058133758
363,363,363,363,361.0,251.0,302.0,271.0,372.21428824085393,266.7770058133758
364,364,364,364,328.0,152.0,318.0,185.0,331.829442489859,199.00764120345494
365,365,365,365,294.0,320.0,382.0,282.0,314.8689901784636,313.189188634542
366,366,366,366,243.0,284.0,448.0,267.0,286.1340691102966,290.7421320318949
367,367,367,367,371.0,228.0,283.0,279.0,388.6200441726677,242.7187673579232
368,368,368,368,303.0,229.0,379.0,229.0,299.29246040455297,247.78181117189604
369,369,369,369,328.0,257.0,365.0,278.0,328.51765507283966,286.20980939804633
370,370,370,370,353.0,272.0,338.0,283.0,348.13211879881703,250.0788583890683
371,371,371,371,277.0,283.0,406.0,246.0,288.02168504176376,279.9408635222108
372,372,372,372,379.0,245.0,280.0,249.0,383.2307221107197,241.0880405842166
373,373,373,373,339.0,287.0,336.0,271.0,340.5582706680003,255.18812393153692
374,374,374,374,302.0,284.0,375.0,254.0,313.9004887116088,290.4651842525409
375,375,375,375,380.0,192.0,283.0,239.0,369.5473755072914,242.6918303317874
376,376,376,376,270.0,213.0,420.0,228.0,283.9673960997904,246.03370739095573
377,377,377,377,266.0,258.0,424.0,250.0,236.46159909055058,269.76655051949257
378,378,378,378,300.0,286.0,372.0,246.0,342.2812261284584,272.96212067768346
379,379,379,379,347.0,268.0,354.0,287.0,342.48401112213736,274.3622791456367
380,380,380,380,368.0,236.0,307.0,268.0,373.56420684766897,240.26463880793645
381,381,381,381,335.0,348.0,366.0,324.0,361.8587050161869,332.9728325272768
382,382,382,382,351.0,297.0,351.0,315.0,343.12283876259175,265.56146475671505
383,383,383,383,373.0,227.0,295.0,229.0,359.97486481451614,215.17600685200145
384,384,384,384,245.0,231.0,405.0,211.0,249.2491720042884,221.11432937832956
385,385,385,385,343.0,232.0,333.0,242.0,339.63354940409897,229.52390614040365
386,386,386,386,300.0,267.0,380.0,251.0,305.81633095722924,257.88078294672266
387,387,387,387,291.0,279.0,390.0,247.0,306.8829045214458,270.66672105860914
388,388,388,388,328.0,301.0,342.0,291.0,333.4356118445206,248.3178681232227
389,389,389,389,316.0,235.0,335.0,253.0,334.6340533661862,244.99154477205226
390,390,390,390,338.0,253.0,340.0,224.0,322.6276402794113,248.20853582321962
391,391,391,391,346.0,337.0,340.0,316.0,350.5235950871704,329.9752476973902
392,392,392,392,364.0,271.0,298.0,273.0,368.7144937512593,271.75386047211595
393,393,393,393,316.0,242.0,354.0,220.0,331.33591671868396,229.66738420748945
394,394,394,394,248.0,228.0,354.0,206.0,308.9670689852921,227.64624664390334
395,395,395,395,478.0,243.0,234.0,311.0,474.522243229849,254.317975558703
396,396,396,396,251.0,246.0,420.0,217.0,245.0063306563436,259.8361728111795
397,397,397,397,247.0,308.0,452.0,267.0,286.0705528811931,290.7421320318949
398,398,398,398,335.0,258.0,344.0,267.0,327.88292777111315,254.79628896956518
399,399,399,399,340.0,251.0,344.0,249.0,348.92873566472434,256.8845974799822
400,400,400,400,332.0,243.0,346.0,245.0,323.7562503244306,258.8196137904477
401,401,401,401,342.0,238.0,324.0,258.0,344.81742387075906,254.9452623040604
402,402,402,402,296.0,256.0,380.0,228.0,299.1636751884262,248.22507466690357
403,403,403,403,296.0,298.0,419.0,284.0,260.1363241603808,288.7118954012691
404,404,404,404,208.0,306.0,463.0,267.0,208.010812096229,306.63799305614043
405,405,405,405,383.0,297.0,302.0,313.0,383.29037219332685,257.33607871576146
406,406,406,406,386.0,257.0,310.0,279.0,361.30463333632605,278.32282755617285
407,407,407,407,346.0,331.0,346.0,320.0,383.8441863643948,319.9618446861049
408,408,408,408,194.0,311.0,501.0,264.0,226.0068032117955,269.1659639386721
409,409,409,409,351.0,231.0,331.0,249.0,321.9201476229496,240.84403537273238
410,410,410,410,365.0,240.0,284.0,243.0,365.0239290718096,237.3491452034196
411,411,411,411,448.0,319.0,306.0,345.0,407.9379183880531,326.97174943772126
412,412,412,412,255.0,261.0,424.0,221.0,248.17125139682747,258.0058706583907
413,413,413,413,305.0,225.0,379.0,232.0,299.286731340343,248.0488693302309
414,414,414,414,413.0,245.0,277.0,269.0,387.0878654324153,241.09279207181686
415,415,415,415,300.0,222.0,380.0,228.0,299.1636751884262,248.22507466690357
416,416,416,416,423.0,264.0,263.0,300.0,428.00684035356284,265.5365965797686
417,417,417,417,284.0,238.0,393.0,235.0,285.221482251147,238.89318717210105
418,418,418,418,343.0,224.0,322.0,242.0,355.1509897700315,224.11909311274823
419,419,419,419,347.0,258.0,342.0,265.0,321.69529069107347,264.0931751475585
420,420,420,420,351.0,229.0,329.0,246.0,318.6732963310677,240.37023243287337
421,421,421,421,249.0,183.0,415.0,176.0,248.99563689738622,200.0056620534621
422,422,422,422,317.0,295.0,358.0,272.0,347.5488727262048,251.8558359219944
423,423,423,423,339.0,306.0,329.0,294.0,343.1234966531139,246.6107437109874
424,424,424,424,342.0,283.0,343.0,284.0,333.13115158511084,250.38117615367474
425,425,425,425,313.0,271.0,358.0,278.0,328.0036613751367,254.80825553159477
426,426,426,426,251.0,184.0,404.0,176.0,248.00646450563627,180.0337756241176
427,427,427,427,262.0,271.0,460.0,258.0,237.00259871222062,297.63453640741005
428,428,428,428,344.0,194.0,306.0,242.0,364.09212136571426,244.82110995788307
429,429,429,429,431.0,267.0,237.0,276.0,435.23389786271315,261.06885411859014
430,430,430,430,357.0,239.0,306.0,253.0,366.26779790162374,233.4216600379077
431,431,431,431,344.0,167.0,306.0,173.0,344.6268606929952,169.53663307352767
432,432,432,432,270.0,287.0,419.0,256.0,239.2106268852249,284.577721611234
433,433,433,433,332.0,251.0,362.0,257.0,343.32448570063696,251.37173421799596
434,434,434,434,317.0,273.0,365.0,243.0,312.6312424723996,240.99914799776707
435,435,435,435,296.0,287.0,483.0,240.0,227.62922431229694,290.3433002404708
436,436,436,436,325.0,272.0,373.0,268.0,310.03706598188404,247.77735469248148
437,437,437,437,302.0,286.0,383.0,276.0,320.3546386924086,265.15853835815903
438,438,438,438,245.0,342.0,450.0,313.0,268.9428125138782,334.0463179822984
439,439,439,439,417.0,298.0,276.0,286.0,404.301749276086,305.51538358151225
440,440,440,440,336.0,357.0,351.0,320.0,383.777141755628,265.56146475671505
441,441,441,441,311.0,242.0,371.0,239.0,312.476639443384,243.01759048139098
442,442,442,442,295.0,195.0,368.0,185.0,293.62046086663406,199.01991630663068
443,443,443,443,344.0,209.0,333.0,238.0,333.768827628992,226.36473324541043
444,444,444,444,358.0,216.0,309.0,240.0,353.0402437277675,255.28257154942486
445,445,445,445,291.0,278.0,322.0,245.0,352.1605461601108,233.8316248123306
446,446,446,446,296.0,275.0,437.0,269.0,288.23390140610854,274.1492542059414
447,447,447,447,261.0,283.0,409.0,256.0,286.9975898428777,272.9793217254549
448,448,448,448,355.0,249.0,327.0,297.0,350.3410032420444,307.3393792281161
449,449,449,449,310.0,297.0,412.0,282.0,310.8022904799294,288.8440029534011
450,450,450,450,344.0,295.0,331.0,279.0,358.950791351845,276.2850097773244
451,451,451,451,389.0,364.0,360.0,352.0,390.64621424290016,363.9811522479655
452,452,452,452,351.0,245.0,344.0,247.0,348.6903322682958,251.55322477353624
453,453,453,453,349.0,250.0,328.0,261.0,369.7144583139217,244.93558441884562
454,454,454,454,339.0,356.0,349.0,319.0,383.92473463645786,265.564831144082
455,455,455,455,280.0,265.0,389.0,240.0,314.03559410880575,254.0978284633666
456,456,456,456,457.0,249.0,240.0,300.0,428.1284911923407,242.24400286500844
457,457,457,457,204.0,323.0,444.0,268.0,286.1337835757784,293.18574766739505
458,458,458,458,361.0,306.0,316.0,294.0,361.9274326204631,245.05351074919213
459,459,459,459,353.0,262.0,340.0,291.0,333.32703030181455,248.30467763262737
460,460,460,460,411.0,294.0,296.0,326.0,407.40929666145047,277.27199855932196
461,461,461,461,343.0,216.0,343.0,231.0,349.81594907422647,234.7192324198
462,462,462,462,394.0,218.0,269.0,279.0,404.37905007773895,243.33744434110366
463,463,463,463,335.0,167.0,320.0,191.0,335.19380930410745,210.0061193349584
464,464,464,464,292.0,279.0,439.0,276.0,294.9899529059816,273.84526181013797
465,465,465,465,333.0,205.0,321.0,240.0,347.7347035598456,251.10587974370233
466,466,466,466,368.0,254.0,321.0,273.0,349.7832497753595,255.7528506409304
467,467,467,467,360.0,235.0,306.0,231.0,353.05160775924867,244.85496696938137
468,468,468,468,463.0,203.0,225.0,272.0,444.9935855579111,261.0130554089284
469,469,469,469,314.0,221.0,358.0,250.0,310.8186871514999,238.98534458277155
470,470,470,470,296.0,249.0,415.0,224.0,278.00162793586014,237.10496239030272
471,471,471,471,362.0,143.0,311.0,188.0,342.6673680988093,201.8437310745743
472,472,472,472,375.0,345.0,335.0,331.0,389.0139172971954,350.60361889891385
473,473,473,473,340.0,236.0,338.0,258.0,337.89039646949254,266.1796073317034
474,474,474,474,324.0,240.0,358.0,240.0,303.53340900023596,228.2372545499689
475,475,475,475,324.0,251.0,353.0,258.0,330.0349347782112,265.5497225038102
476,476,476,476,350.0,247.0,383.0,238.0,313.8879834062212,242.5543022109414
477,477,477,477,351.0,291.0,346.0,284.0,346.0307939424599,250.4400962519183
478,478,478,478,316.0,297.0,365.0,265.0,327.7799011145016,270.1095220980801
479,479,479,479,426.0,246.0,263.0,283.0,413.5687574291094,255.05599627348698
480,480,480,480,339.0,257.0,350.0,276.0,345.2324118693327,262.08318318978456
481,481,481,481,335.0,276.0,339.0,267.0,342.36390694319255,277.8402825975128
482,482,482,482,317.0,273.0,406.0,279.0,310.9818213429428,286.9442669582955
483,483,483,483,331.0,254.0,353.0,258.0,330.0349347782112,265.5497225038102
484,484,484,484,366.0,264.0,294.0,272.0,372.2255134607614,270.8430554730447
485,485,485,485,338.0,258.0,346.0,260.0,359.3556466867678,246.1436976107211
486,486,486,486,362.0,235.0,302.0,218.0,347.15638199102847,226.27726065401268
487,487,487,487,294.0,247.0,420.0,227.0,283.9110832165206,259.76995703384756
488,488,488,488,343.0,242.0,331.0,242.0,322.80290203412756,235.79353937051266
489,489,489,489,270.0,242.0,422.0,231.0,270.534687624819,246.16158967620896
490,490,490,490,307.0,246.0,362.0,240.0,341.9338539499991,228.21925224922882
491,491,491,491,324.0,228.0,358.0,240.0,303.53340900023596,228.2372545499689
492,492,492,492,302.0,265.0,371.0,239.0,312.476639443384,243.01759048139098
493,493,493,493,379.0,267.0,278.0,240.0,397.0091212835723,229.94535670045067
494,494,494,494,343.0,337.0,328.0,322.0,395.89610063466324,307.6946793865715
495,495,495,495,380.0,238.0,288.0,262.0,368.86796768116517,262.23414470742557
496,496,496,496,219.0,271.0,466.0,246.0,231.75346102931232,251.29332858343474
497,497,497,497,287.0,335.0,446.0,316.0,269.00666591797227,334.1228923703554
498,498,498,498,349.0,262.0,327.0,250.0,343.23318754959143,243.06764006206365
499,499,499,499,449.0,250.0,222.0,267.0,444.975774422299,242.92961092179007
500,500,500,500,364.0,308.0,317.0,293.0,357.1914624052463,244.77556279333248
501,501,501,501,349.0,217.0,313.0,211.0,346.2468324496675,221.41221321385748
502,502,502,502,331.0,235.0,328.0,242.0,340.33616610945415,236.99103978731807
503,503,503,503,365.0,243.0,310.0,258.0,363.65048970329946,264.03687527762315
504,504,504,504,335.0,251.0,362.0,291.0,333.35464994226817,297.53950990428046
505,505,505,505,336.0,229.0,342.0,232.0,340.96599047762567,240.29093291754856
506,506,506,506,307.0,210.0,358.0,199.0,303.9591092053716,210.2586953244702
507,507,507,507,350.0,331.0,375.0,330.0,349.21790103193877,366.9844582740362
508,508,508,508,295.0,273.0,316.0,236.0,345.916639584999,202.75732231843807
509,509,509,509,336.0,236.0,336.0,242.0,338.7275266106286,234.3556461774253
510,510,510,510,366.0,239.0,311.0,253.0,357.8896002447516,235.72504059420257
511,511,511,511,294.0,247.0,366.0,206.0,247.27969655187184,227.86228844537493
512,512,512,512,303.0,265.0,389.0,242.0,317.799089305448,252.5102466777815
513,513,513,513,328.0,233.0,349.0,233.0,331.508979221642,236.72372159375203
514,514,514,514,377.0,346.0,365.0,334.0,361.85739522742546,373.0466197691268
515,515,515,515,357.0,278.0,325.0,300.0,354.75985743139626,306.13600367698126
516,516,516,516,346.0,227.0,311.0,272.0,370.63494849730654,264.3399079711241
517,517,517,517,415.0,261.0,287.0,290.0,388.82752876410376,230.45222914554094
518,518,518,518,415.0,261.0,287.0,290.0,388.82752876410376,230.45222914554094
519,519,519,519,295.0,283.0,466.0,229.0,205.84757163162737,268.8952375388364
520,520,520,520,307.0,264.0,373.0,253.0,307.2228796815579,290.49080652757016
521,521,521,521,329.0,290.0,373.0,276.0,311.0628256775883,301.940413586735
522,522,522,522,299.0,251.0,382.0,233.0,285.0841798848902,245.81442414087215
523,523,523,523,338.0,213.0,329.0,231.0,322.17054710494716,235.3060554557462
524,524,524,524,333.0,221.0,339.0,233.0,337.04457163057054,234.35503520366348
525,525,525,525,428.0,339.0,294.0,346.0,409.8004411841091,326.92266529492684
526,526,526,526,251.0,357.0,444.0,316.0,269.00666591797227,334.1228923703554
527,527,527,527,320.0,283.0,382.0,260.0,298.12336043272563,296.94492675808596
528,528,528,528,358.0,232.0,306.0,246.0,360.051746526764,239.46475937691486
529,529,529,529,373.0,269.0,339.0,257.0,344.8029940769348,247.08187596245168
530,530,530,530,332.0,239.0,351.0,245.0,315.8346213222224,261.31049526629766
531,531,531,531,347.0,269.0,351.0,269.0,325.0757036531139,256.7061558156571
532,532,532,532,459.0,225.0,212.0,246.0,448.1341974360478,230.8821097796883
533,533,533,533,339.0,269.0,362.0,264.0,335.1837235655241,269.61348776161924
534,534,534,534,332.0,239.0,347.0,254.0,331.60315344884856,239.75046344067962
535,535,535,535,276.0,238.0,398.0,213.0,291.11587288950216,223.2476515676658
536,536,536,536,340.0,232.0,338.0,239.0,332.2511547637163,235.91372302134
537,537,537,537,333.0,250.0,354.0,240.0,333.61491838669207,235.22303477911728
538,538,538,538,247.0,205.0,412.0,188.0,247.1996679883068,202.02208604314183
539,539,539,539,354.0,213.0,313.0,232.0,343.9995312582947,240.01435324093796
540,540,540,540,317.0,272.0,376.0,271.0,315.5268283912092,271.09809569895714
541,541,541,541,277.0,352.0,422.0,302.0,270.0019633872976,362.98235544319084
542,542,542,542,344.0,271.0,331.0,271.0,359.54818947982005,280.50520328491814
543,543,543,543,358.0,209.0,302.0,262.0,369.68350332651147,241.3131014324138
544,544,544,544,354.0,227.0,305.0,246.0,360.34347320599903,239.46475937691486
545,545,545,545,349.0,210.0,313.0,245.0,348.5151828937808,234.7830859804687
546,546,546,546,259.0,267.0,413.0,238.0,275.9459534969915,232.31228694166694
547,547,547,547,398.0,294.0,266.0,284.0,391.5837804140141,297.96089584001874
548,548,548,548,342.0,287.0,353.0,287.0,342.0620033958317,274.486866184944
549,549,549,549,343.0,169.0,306.0,174.0,344.6268606929952,169.53663307352767
550,550,550,550,351.0,295.0,390.0,261.0,306.04549204898916,262.06647712077796
551,551,551,551,223.0,301.0,457.0,253.0,252.13227444764806,292.5243959421348
552,552,552,552,377.0,235.0,309.0,257.0,363.7465381546345,248.4285399040237
553,553,553,553,272.0,360.0,427.0,298.0,275.314097561224,358.6716527600414
554,554,554,554,347.0,213.0,314.0,210.0,346.23437520436005,231.7417904522309
555,555,555,555,335.0,229.0,316.0,224.0,342.1342421836054,231.61190066704182
556,556,556,556,349.0,256.0,338.0,272.0,348.48850879648484,250.3393407191618
557,557,557,557,472.0,247.0,229.0,301.0,473.46040961247706,249.79578647574687
558,558,558,558,346.0,291.0,393.0,261.0,299.28779214860737,262.06647712077796
559,559,559,559,320.0,249.0,364.0,260.0,357.2371863071162,264.90465200724026
560,560,560,560,298.0,246.0,379.0,227.0,299.2673964734368,247.7459442835603
561,561,561,561,328.0,232.0,379.0,232.0,299.286731340343,248.0488693302309
562,562,562,562,317.0,232.0,354.0,214.0,331.26664345450615,203.17847402496156
563,563,563,563,309.0,156.0,335.0,174.0,297.5843286342061,169.59900718144297
564,564,564,564,347.0,284.0,377.0,254.0,304.60601268766084,290.2389242131309
565,565,565,565,400.0,253.0,273.0,275.0,411.82479453709584,245.87884666394012
566,566,566,566,298.0,254.0,376.0,242.0,324.5724875510034,267.914417261265
567,567,567,567,247.0,231.0,412.0,211.0,249.27871533335352,218.43470360241082
568,568,568,568,342.0,295.0,328.0,290.0,348.0495855681504,306.8232429542952
569,569,569,569,329.0,239.0,360.0,239.0,329.8666719401587,227.43615186987566
570,570,570,570,329.0,233.0,369.0,222.0,299.9101126721815,250.38813810581442
571,571,571,571,299.0,257.0,373.0,240.0,312.7829213375407,271.5508439126968
572,572,572,572,346.0,235.0,368.0,243.0,312.64695753100744,259.5072351110109
573,573,573,573,284.0,264.0,376.0,238.0,312.0231307533081,242.5463242544137
574,574,574,574,222.0,202.0,448.0,185.0,228.38532715624115,199.00146376923462
575,575,575,575,442.0,276.0,265.0,297.0,429.1604835276366,262.3385451140026
576,576,576,576,340.0,275.0,324.0,278.0,358.07924183061084,277.84932500729417
577,577,577,577,349.0,228.0,324.0,254.0,341.9207444944396,236.87484050275106
578,578,578,578,302.0,279.0,402.0,268.0,309.9525944711313,256.76714895470207
579,579,579,579,252.0,327.0,459.0,308.0,262.0016015914836,332.62587170328254
580,580,580,580,344.0,185.0,325.0,224.0,336.3091587621195,244.8234128718191
581,581,581,581,278.0,242.0,409.0,238.0,290.98655702349845,232.13831719219908
582,582,582,582,372.0,253.0,318.0,297.0,359.45290003809146,306.75837489574866
583,583,583,583,339.0,246.0,327.0,233.0,339.6845782745029,214.4202474250112
584,584,584,584,289.0,284.0,437.0,268.0,288.1909942884366,292.32260964537755
585,585,585,585,274.0,249.0,412.0,222.0,278.574165140209,216.18184906112236
586,586,586,586,284.0,283.0,419.0,251.0,236.0059960254164,273.82476819959396
587,587,587,587,208.0,320.0,449.0,273.0,286.06993017168446,273.14558836790104
588,588,588,588,309.0,217.0,351.0,199.0,308.4950183805689,218.65231061071168
589,589,589,589,340.0,235.0,329.0,245.0,319.92198553239643,241.8970990676651
590,590,590,590,317.0,217.0,355.0,231.0,340.5618775100809,229.29803300219248
591,591,591,591,347.0,185.0,305.0,200.0,356.46289536758275,189.24686795049635
592,592,592,592,215.0,302.0,459.0,246.0,252.2350406666651,251.1379999701446
593,593,593,593,382.0,227.0,305.0,267.0,372.3142366572958,244.30087961181806
594,594,594,594,295.0,357.0,409.0,316.0,310.9598215355993,363.01013695538626
595,595,595,595,386.0,240.0,294.0,297.0,376.2333173699127,257.7051018757622
596,596,596,596,248.0,238.0,426.0,211.0,249.0031019156045,257.0063722686978
597,597,597,597,351.0,258.0,335.0,262.0,348.96056730496457,235.1455993913984
598,598,598,598,411.0,253.0,285.0,275.0,388.09608184682514,244.74280611821194
599,599,599,599,331.0,210.0,335.0,227.0,318.7593597859457,247.82022991018246
600,600,600,600,276.0,276.0,408.0,246.0,286.9960825201099,279.9408635222108
601,601,601,601,368.0,192.0,278.0,202.0,396.87900997198545,193.98783311210505
602,602,602,602,289.0,231.0,383.0,264.0,318.8735862027237,255.94965669362824
603,603,603,603,354.0,199.0,296.0,217.0,347.234709271302,222.87840638759047
604,604,604,604,251.0,289.0,431.0,256.0,239.55000846049347,284.67429037222456
605,605,605,605,358.0,221.0,291.0,251.0,371.82909747864727,248.0873865097214
606,606,606,606,285.0,272.0,415.0,262.0,310.2029347679401,272.71668410073903
607,607,607,607,346.0,257.0,318.0,245.0,348.91637672175847,235.65581073013263
608,608,608,608,310.0,232.0,371.0,245.0,341.7660510848108,274.26002347407615
609,609,609,609,342.0,229.0,321.0,265.0,349.9095674354254,258.0557521495545
610,610,610,610,343.0,224.0,349.0,233.0,331.508979221642,236.72372159375203
611,611,611,611,395.0,297.0,277.0,290.0,385.27656961604055,233.21820073940594
612,612,612,612,394.0,265.0,320.0,279.0,349.63595556336736,278.5890793840634
613,613,613,613,265.0,258.0,417.0,240.0,276.7502359609397,276.01555268495633
614,614,614,614,464.0,283.0,251.0,312.0,438.41322662063806,262.5762544414314
615,615,615,615,357.0,218.0,314.0,287.0,360.4383729642363,309.63311555115985
616,616,616,616,448.0,287.0,259.0,323.0,456.9131020301806,280.4987070829259
617,617,617,617,354.0,243.0,298.0,235.0,367.0851806979164,215.3177402298188
618,618,618,618,355.0,301.0,383.0,243.0,320.45166948623995,245.05598558266115
619,619,619,619,371.0,275.0,296.0,269.0,370.3347428864954,268.394287897652
620,620,620,620,343.0,243.0,346.0,246.0,338.97752470705626,249.9911502358233
621,621,621,621,236.0,298.0,434.0,257.0,239.5189204307278,284.9362176397909
622,622,622,622,354.0,194.0,309.0,231.0,345.79157023651567,245.0353799596672
623,623,623,623,307.0,233.0,375.0,229.0,299.55591100043426,247.6084668558831
624,624,624,624,401.0,256.0,295.0,294.0,376.15568444446575,240.04244981462543
625,625,625,625,280.0,262.0,387.0,239.0,314.0059513466056,224.48942932481413
626,626,626,626,391.0,172.0,254.0,184.0,416.96343984191645,176.4302111567835
627,627,627,627,349.0,280.0,328.0,273.0,355.10329841951153,250.12434025040199
628,628,628,628,300.0,250.0,369.0,229.0,299.97099473108216,249.29301196462615
629,629,629,629,343.0,236.0,303.0,233.0,354.98892105430565,194.855415051052
630,630,630,630,226.0,286.0,460.0,249.0,243.0018403778134,253.03080272958397
631,631,631,631,351.0,309.0,321.0,294.0,355.26688305276815,245.1720299087255
632,632,632,632,369.0,236.0,295.0,283.0,377.22836699790344,274.41708067427464
633,633,633,633,338.0,242.0,351.0,245.0,315.8346213222224,261.31049526629766
634,634,634,634,331.0,287.0,333.0,271.0,328.7254829370286,281.5512341642065
635,635,635,635,285.0,242.0,329.0,253.0,340.4534298635809,245.74562463409615
636,636,636,636,276.0,155.0,368.0,152.0,282.05802046306405,167.02355241574517
637,637,637,637,276.0,155.0,368.0,152.0,282.05802046306405,167.02355241574517
638,638,638,638,309.0,291.0,376.0,268.0,316.94128580039734,247.39705038181856
639,639,639,639,369.0,229.0,303.0,254.0,366.9912187629905,227.69981666297144
640,640,640,640,362.0,239.0,302.0,240.0,353.47965121346556,259.47042568173316
641,641,641,641,194.0,283.0,490.0,240.0,227.62824034807753,290.3503974858585
642,642,642,642,369.0,283.0,307.0,268.0,373.56420684766897,240.26463880793645
643,643,643,643,327.0,231.0,342.0,240.0,337.5142784340962,233.8670581729484
644,644,644,644,405.0,211.0,263.0,253.0,432.98089815448037,214.3836997058691
645,645,645,645,405.0,211.0,263.0,253.0,432.98089815448037,214.3836997058691
646,646,646,646,371.0,261.0,299.0,242.0,370.9928208801943,260.9093974245917
647,647,647,647,353.0,267.0,328.0,286.0,352.9856123003563,267.0270701429793
648,648,648,648,294.0,251.0,358.0,229.0,294.01618303232493,250.89651452725442
649,649,649,649,244.0,282.0,452.0,261.0,244.0066839456482,282.0652560923898
650,650,650,650,274.0,272.0,422.0,247.0,272.0020049898705,253.52281857483752
651,651,651,651,251.0,203.0,408.0,181.0,251.00031637877865,203.0035844278964
652,652,652,652,300.0,276.0,384.0,256.0,300.047697275404,275.971046606903
653,653,653,653,245.0,260.0,419.0,217.0,245.0063306563436,259.9754568945875
654,654,654,654,362.0,261.0,306.0,286.0,362.01610624353225,261.00883646091546
655,655,655,655,313.0,238.0,347.0,217.0,313.0483908075988,237.96102973040482
656,656,656,656,361.0,202.0,285.0,214.0,361.0137713621824,202.01381564478368
657,657,657,657,449.0,202.0,211.0,232.0,448.9939445660407,202.00931184545368
658,658,658,658,350.0,273.0,346.0,276.0,349.9218533347796,272.87405587572965
659,659,659,659,343.0,242.0,332.0,249.0,342.99481220244996,241.99760888856403
660,660,660,660,339.0,249.0,331.0,260.0,339.01721952417086,249.03973466755548
661,661,661,661,280.0,272.0,416.0,256.0,279.99688655375354,272.0869597395997
662,662,662,662,227.0,202.0,435.0,192.0,227.00696718457294,202.00659359111788
663,663,663,663,305.0,221.0,350.0,211.0,305.02274283736244,220.99558316911222
664,664,664,664,398.0,253.0,261.0,262.0,397.99752450016433,252.96131068635262
665,665,665,665,372.0,367.0,371.0,330.0,371.99563987483236,366.9954211679038
666,666,666,666,320.0,265.0,368.0,256.0,319.92254100031784,265.0271119475321
667,667,667,667,344.0,240.0,313.0,232.0,343.9995312582947,240.01435324093796
668,668,668,668,324.0,282.0,364.0,304.0,328.0117841061475,290.00322098946145
669,669,669,669,300.0,293.0,395.0,293.0,300.0029389217638,293.00120623433486
670,670,670,670,266.0,221.0,402.0,233.0,266.0057605501586,221.0979868994325
671,671,671,671,310.0,247.0,380.0,267.0,310.0023604282566,247.10933676357843
672,672,672,672,342.0,273.0,372.0,247.0,341.9658950978789,272.9502033695395
673,673,673,673,343.0,246.0,342.0,254.0,343.0733522451787,245.98709329698957
674,674,674,674,256.0,209.0,420.0,189.0,255.9987040995371,209.00313029153955
675,675,675,675,430.0,320.0,289.0,342.0,429.99477163435137,319.99011283085974
676,676,676,676,339.0,360.0,362.0,315.0,338.99697841146394,359.99621906860597
677,677,677,677,335.0,286.0,364.0,275.0,334.98172016518487,286.0390872428868
678,678,678,678,316.0,246.0,329.0,222.0,316.0220934227048,245.99333191805914
679,679,679,679,310.0,278.0,375.0,258.0,310.0068226182879,277.9771840540832
680,680,680,680,419.0,239.0,270.0,301.0,418.99701965388584,239.06411215180466
681,681,681,681,258.0,245.0,433.0,218.0,257.9982405469029,244.98702289767814
682,682,682,682,299.0,269.0,368.0,240.0,299.0101278980819,268.9535645303259
683,683,683,683,360.0,273.0,331.0,280.0,360.0037753074201,273.13211395917034
684,684,684,684,311.0,260.0,409.0,261.0,310.9960903707523,260.0587553793025
685,685,685,685,354.0,224.0,321.0,247.0,353.97262539951436,224.003266103546
686,686,686,686,389.0,317.0,321.0,333.0,388.9732843387159,316.9989820808695
687,687,687,687,335.0,239.0,347.0,253.0,334.92701871161165,239.1374813074303
688,688,688,688,318.0,247.0,342.0,227.0,318.0228741228377,246.99963205565936
689,689,689,689,287.0,271.0,409.0,257.0,287.0006139228492,271.0262929387528
690,690,690,690,340.0,251.0,358.0,257.0,339.9776718758834,250.96798313463012
691,691,691,691,445.0,246.0,222.0,257.0,444.9954239447874,246.0002114722027
692,692,692,692,389.0,240.0,281.0,278.0,389.00058891170903,240.04520271035435
693,693,693,693,243.0,256.0,461.0,242.0,243.00212603658957,256.006638712424
694,694,694,694,305.0,213.0,340.0,200.0,305.01046193195566,213.00327448554606
695,695,695,695,262.0,229.0,408.0,207.0,262.0026492135331,228.9871423819297
696,696,696,696,372.0,247.0,335.0,261.0,371.976051180474,246.8841478743409
697,697,697,697,372.0,247.0,335.0,261.0,371.976051180474,246.8841478743409
698,698,698,698,331.0,227.0,338.0,236.0,331.0018509436635,227.00240115050218
699,699,699,699,236.0,291.0,419.0,250.0,236.01158519625386,290.94220416410496
700,700,700,700,270.0,291.0,402.0,254.0,270.00288900095,290.95785395316614
701,701,701,701,306.0,264.0,366.0,271.0,306.103198257204,264.0099547114116
702,702,702,702,393.0,298.0,287.0,284.0,393.0020161752495,297.96247010671016
703,703,703,703,346.0,236.0,340.0,254.0,345.7842641976993,236.09025227567605
704,704,704,704,311.0,229.0,366.0,261.0,311.0234773803529,229.11103255166006
705,705,705,705,361.0,245.0,322.0,268.0,360.9424365670709,245.03653174405667
706,706,706,706,302.0,239.0,365.0,220.0,301.97888008178495,239.00054916715246
707,707,707,707,307.0,210.0,357.0,195.0,307.00513035341834,210.01366019017502
708,708,708,708,353.0,229.0,322.0,261.0,353.0839776610345,229.27307649371477
709,709,709,709,355.0,250.0,328.0,273.0,355.10329841951153,250.12434025040199
710,710,710,710,349.0,257.0,344.0,249.0,348.92873566472434,256.8845974799822
711,711,711,711,347.0,228.0,314.0,249.0,347.02100045551015,227.9931988685395
712,712,712,712,355.0,293.0,346.0,304.0,354.98620779561327,292.99158514764275
713,713,713,713,298.0,224.0,365.0,228.0,298.01368411348636,224.12666875317854
714,714,714,714,339.0,278.0,338.0,267.0,339.0733115967481,277.8665944669335
715,715,715,715,247.0,202.0,416.0,187.0,247.0074782614069,202.00493708885432
716,716,716,716,265.0,246.0,449.0,239.0,264.9985485838615,246.00385915463266
717,717,717,717,467.0,275.0,247.0,326.0,466.99307245146827,274.99436452473606
718,718,718,718,324.0,250.0,384.0,287.0,323.99626493636197,250.04225525602251
719,719,719,719,430.0,257.0,249.0,290.0,429.99415919558857,256.97698124184217
720,720,720,720,342.0,169.0,292.0,174.0,342.0082293805665,169.00609457620305
721,721,721,721,366.0,233.0,306.0,254.0,365.9834262679768,233.06516395963155
722,722,722,722,226.0,290.0,483.0,275.0,226.0068032117955,290.0206080750808
723,723,723,723,269.0,334.0,445.0,304.0,269.00533687129854,333.99833640554925
724,724,724,724,309.0,227.0,361.0,203.0,308.99667023625705,226.98573299371242
725,725,725,725,369.0,283.0,296.0,275.0,369.0973936902381,282.9178308112042
726,726,726,726,413.0,308.0,272.0,286.0,412.9951420780941,307.95584383441746
727,727,727,727,317.0,298.0,372.0,278.0,316.88387995200867,298.0474955971854
728,728,728,728,405.0,257.0,288.0,293.0,404.99412634577254,257.04500309227774
729,729,729,729,350.0,261.0,320.0,265.0,349.9747692376295,260.8517044013533
730,730,730,730,311.0,302.0,373.0,278.0,311.08207332805057,301.9309932974924
731,731,731,731,404.0,253.0,274.0,282.0,403.9933719726514,253.02276065669872
732,732,732,732,305.0,239.0,395.0,238.0,304.99438590013125,238.93282683166996
733,733,733,733,349.0,189.0,311.0,202.0,348.96642138912597,189.02323438945064
734,734,734,734,329.0,195.0,325.0,194.0,337.30953223644315,218.6458377000532
735,735,735,735,331.0,220.0,335.0,262.0,348.96056730496457,235.1455993913984
736,736,736,736,391.0,240.0,292.0,258.0,361.239929276527,263.52967253528834
737,737,737,737,313.0,267.0,344.0,247.0,348.6903322682958,251.55322477353624
738,738,738,738,445.0,245.0,238.0,265.0,438.3305823717957,221.01967362521398
739,739,739,739,314.0,239.0,342.0,239.0,335.3711995273416,233.89196320924742
740,740,740,740,207.0,306.0,456.0,268.0,249.02367896929977,290.8102304070265
741,741,741,741,320.0,184.0,332.0,185.0,298.21433277903,199.01011891925614
742,742,742,742,256.0,290.0,442.0,261.0,257.7119589471964,286.8620894397877
743,743,743,743,331.0,280.0,373.0,269.0,310.0097602788272,269.8682563423949
744,744,744,744,350.0,239.0,305.0,217.0,350.5309380462018,226.54115018729996
745,745,745,745,402.0,290.0,298.0,322.0,407.4082764117375,277.2715477993949
746,746,746,746,391.0,257.0,289.0,268.0,392.61780488080126,268.87407857476734
747,747,747,747,338.0,261.0,344.0,267.0,327.88292777111315,254.79628896956518
